"Date","Time","Post text","Post type","Flair","# upvotes","# comments","# awards","Post tone","Post URL","Community name","Community members","Author nick","Years of membership","# Post Karma","# Comment Karma","# Awardee Karma","Author profile URL"
"2023-03-15","18:11:59","Am I being overprotective or is my revulsion valid?","text","Am I Overreacting?","861","114","0","neutral","https://reddit.com/r/JUSTNOMIL/comments/11s4cl7/am_i_being_overprotective_or_is_my_revulsion_valid/","r/JUSTNOMIL","1872298","spookycupcake666","1.5835616438356164","418","9616","20","https://reddit.com/user/spookycupcake666/"
"2023-06-10","17:11:08","[Star Trek] Q puts Lore, Armus, The Clown (""The Thaw""), the evil EMH (""The Darkling""), Dejaren (the sadistic hologram from ""Revulsion""), Redjac (""Wolf in the Fold""), and post-meld Tuvok (""Meld"") into an unbreakable room. How do the entities likely interact (if at all)? Are any alliances made?","text","","6","5","0","neutral","https://reddit.com/r/WhatIfFiction/comments/1465k6s/star_trek_q_puts_lore_armus_the_clown_the_thaw/","r/WhatIfFiction","5369","JSZ100","3.8986301369863012","1867","9125","121","https://reddit.com/user/JSZ100/"
"2023-05-23","01:00:08","Anyone get revulsion from cheese?","text","","4","11","0","neutral","https://reddit.com/r/aspergers/comments/13p9bs6/anyone_get_revulsion_from_cheese/","r/aspergers","139897","M_a_mess","8.841095890410958","4084","2845","47","https://reddit.com/user/M_a_mess/"
"2023-06-11","06:43:10","We can and must write in a language which sows among the masses hate, revulsion, and scorn toward those who disagree with us. -Vladimir Lenin","link","","1","1","0","neutral","https://reddit.com/r/booktopia/comments/146mqo2/we_can_and_must_write_in_a_language_which_sows/","r/booktopia","227","ginomachi","5.410958904109589","6498","1839","480","https://reddit.com/user/ginomachi/"
"2023-06-10","21:56:49","We can and must write in a language which sows among the masses hate, revulsion, and scorn toward those who disagree with us. -Vladimir Lenin","text","","5","0","0","neutral","https://reddit.com/r/quotes/comments/146cbzm/we_can_and_must_write_in_a_language_which_sows/","r/quotes","395005","MoreStupiderNPC","0.23013698630136986","1411","2335","15","https://reddit.com/user/MoreStupiderNPC/"
"2022-11-10","01:21:21","TIL about the uncanny valley. The concepts suggests that humanoid objects that imperfectly resemble actual human beings provoke uncanny feelings of uneasiness and revulsion in observers.","link","","9517","848","1","neutral","https://reddit.com/r/todayilearned/comments/yr1i1h/til_about_the_uncanny_valley_the_concepts/","r/todayilearned","31767541","dustofoblivion123","9.164383561643836","2447545","51191","8255","https://reddit.com/user/dustofoblivion123/"
"2023-04-24","03:07:55","food revulsion?","text","Question","12","7","0","neutral","https://reddit.com/r/bupropion/comments/12x0w8z/food_revulsion/","r/bupropion","27291","Normal-Swing2616","2.084931506849315","45","33","0","https://reddit.com/user/Normal-Swing2616/"
"2023-06-03","08:09:26","Does anyone experience revulsion towards threads?","text","","2","1","0","neutral","https://reddit.com/r/kosmemophobia/comments/13z5kbs/does_anyone_experience_revulsion_towards_threads/","r/kosmemophobia","1227","thighgirl","1.6575342465753424","8","7","0","https://reddit.com/user/thighgirl/"
"2023-06-10","22:47:23","We can and must write in a language which sows among the masses hate, revulsion, and scorn toward those who disagree with us. -Vladimir Lenin","text","","1","0","0","neutral","https://reddit.com/r/Roorh/comments/146diqz/we_can_and_must_write_in_a_language_which_sows/","r/Roorh","459","AliEvans","7.531506849315068","4746","-47","116","https://reddit.com/user/AliEvans/"
"2023-04-11","11:41:42","[Libertad VCF]: This coming Sunday against Sevilla, in addition to the usual pre-match protests, WE WILL LEAVE Meriton ALONE until the ball starts rolling on the pitch (minute 2). Let‚Äôs show Meriton the empty seat when the match starts as a sign of revulsion. Together nobody can stop us. Join us.","link","News","53","9","0","neutral","https://reddit.com/r/soccer/comments/12ih3cx/libertad_vcf_this_coming_sunday_against_sevilla/","r/soccer","4533086","Carlos-shady","4.205479452054795","29455","22971","1727","https://reddit.com/user/Carlos-shady/"
"2023-03-17","22:26:59","This weird $2 hand painted tongue mouth thing that made me feel revulsion and intrigue all at the same time. It obviously will be hanging in my bathroom above the commode.","link","","250","12","0","neutral","https://reddit.com/r/ThriftStoreHauls/comments/11u5z6q/this_weird_2_hand_painted_tongue_mouth_thing_that/","r/ThriftStoreHauls","2598398","maladaptivelucifer","4.884931506849315","1976","25780","28","https://reddit.com/user/maladaptivelucifer/"
"2023-04-18","19:26:32","I've just realized that my aversion to physical contact is not caused by a revulsion to touching other people, but rather the thought of my own screwed up, dysfunctional body being repulsive to them.","text","Stoned :ghn:","19","3","0","neutral","https://reddit.com/r/StonerThoughts/comments/12r16um/ive_just_realized_that_my_aversion_to_physical/","r/StonerThoughts","130060","MusicalDeath9991","2.4876712328767123","3626","7631","289","https://reddit.com/user/MusicalDeath9991/"
"2022-11-03","22:39:43","DC‚Äôs original Aquaman movie was met with outright revulsion (1972)","link","1972","5378","79","0","neutral","https://reddit.com/r/fakehistoryporn/comments/ylh1vb/dcs_original_aquaman_movie_was_met_with_outright/","r/fakehistoryporn","1128320","step6666","4.315068493150685","1785816","216904","29353","https://reddit.com/user/step6666/"
"2023-05-11","17:10:45","[World] - Pope talks sex abuse and 'loving the enemy': 'How do we talk to the abusers for whom we feel revulsion?'","link","","1","0","0","neutral","https://reddit.com/r/FOXauto/comments/13etdyr/world_pope_talks_sex_abuse_and_loving_the_enemy/","r/FOXauto","609","AutoNewsAdmin","6.624657534246575","309053","10","6378","https://reddit.com/user/AutoNewsAdmin/"
"2023-05-11","17:12:33","[World] - Pope talks sex abuse and 'loving the enemy': 'How do we talk to the abusers for whom we feel revulsion?' | FOX","link","","1","0","0","neutral","https://reddit.com/r/AutoNewspaper/comments/13etfs5/world_pope_talks_sex_abuse_and_loving_the_enemy/","r/AutoNewspaper","17702","AutoNewspaperAdmin","6.619178082191781","294728","1","2101","https://reddit.com/user/AutoNewspaperAdmin/"
"2023-03-23","09:16:49","WTW for expressing revulsion with the speaker as your boredom","text","Unknown","2","21","0","neutral","https://reddit.com/r/whatstheword/comments/11zeom2/wtw_for_expressing_revulsion_with_the_speaker_as/","r/whatstheword","126865","Prinsesstaarta","6.052054794520548","65","169","0","https://reddit.com/user/Prinsesstaarta/"
"2023-03-25","03:56:21","Why do we feel an instant revulsion/scare towards reptiles but find mammals, birds, fish and even some insects (butterflies, honeybees) cute ?","text","","5","5","0","neutral","https://reddit.com/r/NoStupidQuestions/comments/1219slj/why_do_we_feel_an_instant_revulsionscare_towards/","r/NoStupidQuestions","3505871","BiggusDoofus","1.6876712328767123","2987","2181","15","https://reddit.com/user/BiggusDoofus/"
"2023-02-03","00:13:29","Help me understand how social stuff works in 2e because my initial reaction is revulsion","text","Advice","5","95","0","neutral","https://reddit.com/r/Pathfinder2e/comments/10s5j6r/help_me_understand_how_social_stuff_works_in_2e/","r/Pathfinder2e","93043","sleepy_paladin","0.947945205479452","103","84","0","https://reddit.com/user/sleepy_paladin/"
"2023-03-14","13:08:05","How do you get past the revulsion of gentle physical touch?","text","Advice requested","7","8","0","neutral","https://reddit.com/r/adultsurvivors/comments/11r5n6q/how_do_you_get_past_the_revulsion_of_gentle/","r/adultsurvivors","50669","CommonPriority6218","1.3945205479452054","537","5713","71","https://reddit.com/user/CommonPriority6218/"
"2023-03-06","18:39:53","MAFS AUS season 10 Sandy recoils with revulsion","text","MAFS_AU","10","6","0","neutral","https://reddit.com/r/MarriedAtFirstSight/comments/11k9l3f/mafs_aus_season_10_sandy_recoils_with_revulsion/","r/MarriedAtFirstSight","95783","robocub","13.164383561643836","692","2327","0","https://reddit.com/user/robocub/"
"2023-03-08","21:41:19","Sudden revulsion sindrome in a situationship between me (F21) and my friend (M21)","text","","3","6","0","neutral","https://reddit.com/r/relationship_advice/comments/11m92yl/sudden_revulsion_sindrome_in_a_situationship/","r/relationship_advice","9174292","NumerousShare4779","1.1369863013698631","1","0","0","https://reddit.com/user/NumerousShare4779/"
"2022-08-25","06:06:53","Revulsion","link","Saiman Sans (Non-Saiman Post)","1282","138","3","neutral","https://reddit.com/r/SaimanSays/comments/wx6bmt/revulsion/","r/SaimanSays","538192","sciencewala-12","2.164383561643836","6909","713","181","https://reddit.com/user/sciencewala-12/"
"2023-03-24","21:31:19","Why do progressives watch porn? They smother their revulsion with fake sex positivity","link","DISCUSSION","28","0","0","neutral","https://reddit.com/r/PornIsMisogyny/comments/120zepo/why_do_progressives_watch_porn_they_smother_their/","r/PornIsMisogyny","15993","MarineGoat","3.591780821917808","12304","2912","551","https://reddit.com/user/MarineGoat/"
"2023-02-16","12:46:53","Seven after cracking a joke in ""Revulsion"" (s4e5)","link","","122","4","0","neutral","https://reddit.com/r/voyager/comments/113ptbe/seven_after_cracking_a_joke_in_revulsion_s4e5/","r/voyager","15664","eldersveld","11.383561643835616","356746","61757","10031","https://reddit.com/user/eldersveld/"
"2023-03-21","14:10:54","Why Game Masters Should Understand Terror, Horror, and Revulsion","link","","2","0","0","neutral","https://reddit.com/r/HorrorTabletopRpgs/comments/11xi0ux/why_game_masters_should_understand_terror_horror/","r/HorrorTabletopRpgs","36","nlitherl","8.378082191780821","152959","31026","1438","https://reddit.com/user/nlitherl/"
"2023-01-25","16:18:11","‚ÄúRevulsion‚Äù?","text","","7","19","0","neutral","https://reddit.com/r/theravada/comments/10l2gua/revulsion/","r/theravada","11867","heuristic-dish","3.1205479452054794","2118","7082","331","https://reddit.com/user/heuristic-dish/"
"2023-01-06","13:27:55","""Revulsion at those who recklessly sought power was the only thing that reminded Soraka that she was a celestial"".","link","Spell","96","6","0","neutral","https://reddit.com/r/CustomLoR/comments/104u72d/revulsion_at_those_who_recklessly_sought_power/","r/CustomLoR","13345","Sorakos","1.0383561643835617","988","209","0","https://reddit.com/user/Sorakos/"
"2022-11-02","15:42:17","Do blanks feel revulsion to each other?","text","","177","63","0","neutral","https://reddit.com/r/40kLore/comments/yk8lgr/do_blanks_feel_revulsion_to_each_other/","r/40kLore","221397","godyaev","6.610958904109589","602","1222","0","https://reddit.com/user/godyaev/"
"2023-02-12","00:33:53","Snape‚Äôs look of ‚Äúrevulsion and hatred‚Äù","text","Discussion","0","15","0","neutral","https://reddit.com/r/harrypotter/comments/1102j3q/snapes_look_of_revulsion_and_hatred/","r/harrypotter","1784300","Sharkitty","6.926027397260274","4936","31245","310","https://reddit.com/user/Sharkitty/"
"2023-03-21","14:20:00","Why Game Masters Should Understand Terror, Horror, and Revulsion","link","","2","0","0","neutral","https://reddit.com/r/snew/comments/11xi9n4/why_game_masters_should_understand_terror_horror/","r/snew","695","nlitherl","8.378082191780821","152959","31026","1438","https://reddit.com/user/nlitherl/"
"2023-02-28","02:45:09","Master Hui Lu - The two benefits of arousing the mind of renunciation and revulsion","link","","2","0","0","neutral","https://reddit.com/r/ChanPureLand/comments/11duqfc/master_hui_lu_the_two_benefits_of_arousing_the/","r/ChanPureLand","1354","Burpmonster","3.0493150684931507","9571","615","1706","https://reddit.com/user/Burpmonster/"
"2022-12-29","05:39:34","When did you first notice the revulsion? And how did you discover it was a legitimate phobia?","text","","15","8","0","neutral","https://reddit.com/r/kosmemophobia/comments/zxx466/when_did_you_first_notice_the_revulsion_and_how/","r/kosmemophobia","1227","Straight_Ad_7118","1.6027397260273972","5110","18111","292","https://reddit.com/user/Straight_Ad_7118/"
"2023-03-27","17:12:36","Why Game Masters Should Understand Terror, Horror, and Revulsion","link","spook","1","0","0","neutral","https://reddit.com/r/spooktober/comments/123tjfh/why_game_masters_should_understand_terror_horror/","r/spooktober","77832","nlitherl","8.378082191780821","152959","31026","1438","https://reddit.com/user/nlitherl/"
"2022-11-04","05:06:18","Seeking understanding to a revulsion response to the feminine","text","","28","24","0","neutral","https://reddit.com/r/Jung/comments/ylpgvu/seeking_understanding_to_a_revulsion_response_to/","r/Jung","110657","Rude_Personality_939","1.989041095890411","17","1","0","https://reddit.com/user/Rude_Personality_939/"
"2023-03-27","21:07:55","[1] Revulsion at myself after Denver shooting today","link","","1","0","0","neutral","https://reddit.com/r/collapse_wilds/comments/1240ii3/1_revulsion_at_myself_after_denver_shooting_today/","r/collapse_wilds","843","CollapseBot","3.1342465753424658","384","-100","131","https://reddit.com/user/CollapseBot/"
"2023-02-28","02:45:29","Master Hui Lu - The two benefits of arousing the mind of renunciation and revulsion","link","Mahayana","1","1","0","neutral","https://reddit.com/r/dharmatalks/comments/11duqq2/master_hui_lu_the_two_benefits_of_arousing_the/","r/dharmatalks","558","Burpmonster","3.0493150684931507","9571","615","1706","https://reddit.com/user/Burpmonster/"
"2022-12-18","06:31:13","Revulsed - Rapacious Engorgement [Christian Metal/Technical Death Metal]","link","Metal","9","9","0","neutral","https://reddit.com/r/ChristianMusic/comments/zos18y/revulsed_rapacious_engorgement_christian/","r/ChristianMusic","17417","Odd-Needleworker6303","2.8","4517","2821","70","https://reddit.com/user/Odd-Needleworker6303/"
"2022-12-18","17:20:53","‚ÄúRevulsion‚Äù","text","","15","9","0","neutral","https://reddit.com/r/theravada/comments/zp3gbh/revulsion/","r/theravada","11867","heuristic-dish","3.1205479452054794","2118","7082","331","https://reddit.com/user/heuristic-dish/"
"2023-02-28","02:44:35","Master Hui Lu - The two benefits of arousing the mind of renunciation and revulsion","link","Dharma Talk","5","0","0","neutral","https://reddit.com/r/Buddhism/comments/11dupzp/master_hui_lu_the_two_benefits_of_arousing_the/","r/Buddhism","664433","Burpmonster","3.0493150684931507","9571","615","1706","https://reddit.com/user/Burpmonster/"
"2023-01-13","17:24:09","Sexual revulsion in marriage","text","","1","5","0","neutral","https://reddit.com/r/Crossdressing_support/comments/10b02rv/sexual_revulsion_in_marriage/","r/Crossdressing_support","12048","knightofcups92","0.4136986301369863","5","0","0","https://reddit.com/user/knightofcups92/"
"2023-02-19","09:42:16","This is entire Chapter 18 titled, ‚ÄúPrenatal Irritation Become Bigotry & Body Adornment, PME 4:‚Äù ‚ÄúPrenatal Matrix of Human Evil 4... ‚ÄúRevulsion, Itchiness Become Racism, Tattoos, Tea-Party Polit of my book, *Psychology of Apocalypse: Ecopsychology, Activism, & the Prenatal Roots of Humanicide*","link","","1","0","0","neutral","https://reddit.com/r/u_sillymickel/comments/1166i1r/this_is_entire_chapter_18_titled_prenatal/","u/sillymickel","0","sillymickel","13.479452054794521","3","-2","0","https://reddit.com/user/sillymickel/"
"2023-01-16","15:07:24","[ACTUAL PLAY, WEIRD HORROR, STRANGE AEONS, PATHFINDER 1E] Dark Nexus Podcast New Episode 24: ""Revulsion""","text","","2","0","0","neutral","https://reddit.com/r/actualplaypodcast/comments/10dgugv/actual_play_weird_horror_strange_aeons_pathfinder/","r/actualplaypodcast","196","DarkNexusDora","0.7835616438356164","22","384","15","https://reddit.com/user/DarkNexusDora/"
"2023-02-28","14:19:43","Rock & Metal & Alternative playlist for your emotional moments and gaming. ""revulsion."" has total of 65 tracks and still updating weekly","link","Rock","1","1","0","neutral","https://reddit.com/r/SpotifyPlaylists/comments/11e7r5w/rock_metal_alternative_playlist_for_your/","r/SpotifyPlaylists","203947","ZoneFrox","3.408219178082192","2","0","0","https://reddit.com/user/ZoneFrox/"
"2022-12-14","16:31:17","Why Game Masters Should Understand Terror, Horror, and Revulsion","link","","27","0","0","neutral","https://reddit.com/r/MorkBorg/comments/zlvgo6/why_game_masters_should_understand_terror_horror/","r/MorkBorg","9676","nlitherl","8.378082191780821","152959","31026","1438","https://reddit.com/user/nlitherl/"
"2022-11-09","23:06:06","Ulcerate - Clutching Revulsion","link","","69","6","0","neutral","https://reddit.com/r/Deathmetal/comments/yqyhjh/ulcerate_clutching_revulsion/","r/Deathmetal","101007","DeadByDawn93","7.484931506849315","35639","2154","2386","https://reddit.com/user/DeadByDawn93/"
"2023-02-28","02:44:50","Master Hui Lu - The two benefits of arousing the mind of renunciation and revulsion","link","","1","0","0","neutral","https://reddit.com/r/PureLand/comments/11duq6s/master_hui_lu_the_two_benefits_of_arousing_the/","r/PureLand","4383","Burpmonster","3.0493150684931507","9571","615","1706","https://reddit.com/user/Burpmonster/"
"2022-12-05","21:25:54","Involuntary revulsion","link","","39","2","1","neutral","https://reddit.com/r/memes/comments/zdkad9/involuntary_revulsion/","r/memes","26020698","killingmemesoftly","1.5917808219178082","788618","83744","12026","https://reddit.com/user/killingmemesoftly/"
"2022-11-18","03:39:07","My revulsion > my concern for their jobs","link","ancient wisdom found within :duccsamurai:","43","2","1","neutral","https://reddit.com/r/dankmemes/comments/yya3tu/my_revulsion_my_concern_for_their_jobs/","r/dankmemes","5909505","8enevolent","6.8191780821917805","7780","3625","325","https://reddit.com/user/8enevolent/"
"2022-12-08","02:24:49","Philippines revulsion","link","","8","1","0","neutral","https://reddit.com/r/countryballs_comics/comments/zfm36p/philippines_revulsion/","r/countryballs_comics","42265","cuber_rom","1.0273972602739727","72","3","15","https://reddit.com/user/cuber_rom/"
"2022-08-01","13:26:49","I‚Äôd call you a ‚Äúdegenerate,‚Äù but that word doesn‚Äôt really go far enough to truly capture the revulsion I feel towards you as an individual.","link","Animal Fact","314","8","0","neutral","https://reddit.com/r/CoolBugFacts/comments/wdhhht/id_call_you_a_degenerate_but_that_word_doesnt/","r/CoolBugFacts","35252","Jackviator","5.558904109589041","347195","354106","6206","https://reddit.com/user/Jackviator/"
"2022-05-02","15:50:28","Revulsion at Ukraine war ends Rome‚Äôs old amity with Moscow","link","Trustworthy News","287","49","0","neutral","https://reddit.com/r/ukraine/comments/ugso4f/revulsion_at_ukraine_war_ends_romes_old_amity/","r/ukraine","878754","Eichtoss","2.367123287671233","176473","87343","2905","https://reddit.com/user/Eichtoss/"
"2022-09-01","20:36:56","Telluride Festival director on Bones And All: ""Squeamish audiences shouldn‚Äôt be scared off by the material. ‚ÄúYou quickly get over the revulsion of what they have to do to survive because you understand that it‚Äôs about something more than that‚Äù","text","Movie discussion üé¨","10","7","0","neutral","https://reddit.com/r/BonesAndAll/comments/x3hwej/telluride_festival_director_on_bones_and_all/","r/BonesAndAll","2801","advancedlittlejack","1.0328767123287672","772","2038","183","https://reddit.com/user/advancedlittlejack/"
"2022-12-02","18:44:32","Homeschooling Opponents Suffer from 'A Revulsion from Distinctness'","link","","3","0","0","neutral","https://reddit.com/r/conservatives/comments/zatxh0/homeschooling_opponents_suffer_from_a_revulsion/","r/conservatives","105743","ThePoliticalHat","10.295890410958904","748422","2689","9273","https://reddit.com/user/ThePoliticalHat/"
"2022-09-28","01:08:14","From revulsion to fear and paranoia","text","Divorce","14","2","0","neutral","https://reddit.com/r/BPDlovedones/comments/xpyeki/from_revulsion_to_fear_and_paranoia/","r/BPDlovedones","74968","Fearless_Truth_9509","0.7835616438356164","464","5716","110","https://reddit.com/user/Fearless_Truth_9509/"
"2022-07-26","18:45:51","Anyone else have this sense of revulsion?","text","Discussion","20","9","0","neutral","https://reddit.com/r/demisexuality/comments/w8rmcf/anyone_else_have_this_sense_of_revulsion/","r/demisexuality","82196","MaxieMatsubusa","3.9917808219178084","8850","4922","491","https://reddit.com/user/MaxieMatsubusa/"
"2022-08-19","03:48:32","NEW RELEASE: Something Akin To Revulsion by Judith Sonnet üö®","link","üö®NEW RELEASE üö®","20","2","0","neutral","https://reddit.com/r/ExtremeHorrorLit/comments/ws3pbh/new_release_something_akin_to_revulsion_by_judith/","r/ExtremeHorrorLit","5537","UptownHorrorReviews","1.7095890410958905","17011","6200","2016","https://reddit.com/user/UptownHorrorReviews/"
"2022-05-25","22:04:42","Sudden revulsion for LO","text","","39","23","0","neutral","https://reddit.com/r/limerence/comments/uxsdvs/sudden_revulsion_for_lo/","r/limerence","28800","Maleficent_Street478","1.4684931506849315","20","168","0","https://reddit.com/user/Maleficent_Street478/"
"2022-11-22","17:56:09","Revulsion","link","No online content","1","1","0","neutral","https://reddit.com/r/OnlineOnlyGames/comments/z2044t/revulsion/","r/OnlineOnlyGames","45","0li0li","9.315068493150685","6008","19768","145","https://reddit.com/user/0li0li/"
"2022-12-02","03:09:45","[Op-Ed] - ‚ÄòA Revulsion from Distinctness‚Äô","link","","1","0","0","neutral","https://reddit.com/r/NROauto/comments/za9iat/oped_a_revulsion_from_distinctness/","r/NROauto","50","AutoNewsAdmin","6.624657534246575","309054","10","6378","https://reddit.com/user/AutoNewsAdmin/"
"2022-10-13","10:18:58","[Tech] - Scorn review ‚Äì Giger-inspired horror puzzler is a revulsive but rewarding nightmare","link","","1","0","0","neutral","https://reddit.com/r/GUARDIANauto/comments/y2v1hd/tech_scorn_review_gigerinspired_horror_puzzler_is/","r/GUARDIANauto","951","AutoNewsAdmin","6.624657534246575","309054","10","6378","https://reddit.com/user/AutoNewsAdmin/"
"2022-05-31","19:27:02","One of my absolute favorite scenes! Monk is completely revulsed at the open toilet, and we are led to believe there's a huge shit in there or something grotesque","link","","91","9","0","neutral","https://reddit.com/r/Monk/comments/v1xwix/one_of_my_absolute_favorite_scenes_monk_is/","r/Monk","11238","thenewyorkgod","11.038356164383561","2504785","736866","133939","https://reddit.com/user/thenewyorkgod/"
"2022-11-11","13:30:19","TIL about the uncanny valley. The concepts suggests that humanoid objects that imperfectly resemble actual human beings provoke uncanny feelings of uneasiness and revulsion in observers.","link","","1","0","0","neutral","https://reddit.com/r/u_keep2share_premium/comments/ysajkd/til_about_the_uncanny_valley_the_concepts/","u/keep2share_premium","0","keep2share_premium","0.5808219178082191","11528","94","36","https://reddit.com/user/keep2share_premium/"
"2022-12-02","03:16:37","[Op-Ed] - ‚ÄòA Revulsion from Distinctness‚Äô | National Review","link","","1","0","0","neutral","https://reddit.com/r/AutoNewspaper/comments/za9ogt/oped_a_revulsion_from_distinctness_national_review/","r/AutoNewspaper","17702","AutoNewspaperAdmin","6.619178082191781","294728","1","2101","https://reddit.com/user/AutoNewspaperAdmin/"
"2022-11-03","16:16:15","Revulsed - Revulsed","link","","3","0","0","neutral","https://reddit.com/r/HeadBangToThis/comments/yl6z5y/revulsed_revulsed/","r/HeadBangToThis","12289","zenetee","6.542465753424658","1945","16","271","https://reddit.com/user/zenetee/"
"2021-10-29","19:12:31","The uncanny valley is a term used to describe the relationship between the human-like appearance of a robotic object and the emotional response it evokes. In this phenomenon, people feel a sense of unease or even revulsion in response to humanoid robots that are highly realistic.","link","","722","92","0","neutral","https://reddit.com/r/HighStrangeness/comments/qik3n8/the_uncanny_valley_is_a_term_used_to_describe_the/","r/HighStrangeness","685468","abusinessnoob","4.175342465753425","5903","1823","211","https://reddit.com/user/abusinessnoob/"
"2022-11-03","16:15:53","Revulsed - Revulsed","link","Death Metal","3","0","0","neutral","https://reddit.com/r/CuttingEdgeMetal/comments/yl6yt3/revulsed_revulsed/","r/CuttingEdgeMetal","813","zenetee","6.542465753424658","1945","16","271","https://reddit.com/user/zenetee/"
"2021-12-20","20:45:41","Masks, Revulsion, and the Uncanny Valley","text","Opinion Piece","153","70","1","neutral","https://reddit.com/r/LockdownSkepticism/comments/rkwq1x/masks_revulsion_and_the_uncanny_valley/","r/LockdownSkepticism","55593","the_latest_greatest","4.96986301369863","22334","114453","1070","https://reddit.com/user/the_latest_greatest/"
"2023-06-01","18:34:42","Logistics go bbbrrrrr","link","","3777","117","0","neutral","https://reddit.com/r/HistoryMemes/comments/13xph0f/logistics_go_bbbrrrrr/","r/HistoryMemes","7437042","thegreattwos","4.934246575342466","3037","22122","28","https://reddit.com/user/thegreattwos/"
"2022-11-07","06:15:32","Bloomberg: US Should Harness the World‚Äôs Revulsion Against Iran‚Äôs Regime","link","","3","0","0","neutral","https://reddit.com/r/EndlessWar/comments/yoemaf/bloomberg_us_should_harness_the_worlds_revulsion/","r/EndlessWar","30413","anarchyart2021","1.8136986301369864","86295","5231","2266","https://reddit.com/user/anarchyart2021/"
"2022-05-02","08:55:59","Revulsion at Ukraine war ends Rome‚Äôs old amity with Moscow","link","News","147","11","0","neutral","https://reddit.com/r/europe/comments/uglbcc/revulsion_at_ukraine_war_ends_romes_old_amity/","r/europe","4576067","JackRogers3","6.3342465753424655","74849","53859","1452","https://reddit.com/user/JackRogers3/"
"2022-04-20","17:36:44","Who shoul I pick? None of them fix in my team, for revulsive","link","","13","14","0","neutral","https://reddit.com/r/FIFA22/comments/u81xjq/who_shoul_i_pick_none_of_them_fix_in_my_team_for/","r/FIFA22","26510","Amazing_Strike2271","2.813698630136986","122","6","48","https://reddit.com/user/Amazing_Strike2271/"
"2023-05-11","16:45:53","OOP's GF is losing her mind because he ate Balut.","text","REPOST","4196","1216","0","neutral","https://reddit.com/r/BestofRedditorUpdates/comments/13espjp/oops_gf_is_losing_her_mind_because_he_ate_balut/","r/BestofRedditorUpdates","980045","Mist0fCapricorn","1.9561643835616438","28196","4213","85","https://reddit.com/user/Mist0fCapricorn/"
"2022-11-10","05:41:08","[todayilearned] TIL about the uncanny valley. The concepts suggests that humanoid objects that imperfectly resemble actual human beings provoke uncanny feelings of uneasiness and revulsion in observers.","link","","0","0","0","neutral","https://reddit.com/r/knowyourshit/comments/yr6kcw/todayilearned_til_about_the_uncanny_valley_the/","r/knowyourshit","39201","Know_Your_Shit_v2","3.7315068493150685","140828","0","1685","https://reddit.com/user/Know_Your_Shit_v2/"
"2022-10-18","06:03:10","Word of The Hour: revulsion","text","","1","0","0","neutral","https://reddit.com/r/funwithwords/comments/y6yjad/word_of_the_hour_revulsion/","r/funwithwords","623","sharewithme","10.156164383561643","151153","1143","365","https://reddit.com/user/sharewithme/"
"2022-08-18","14:51:35","Revulsed - Agonising Putrid Self Infliction","text","Technical","7","1","0","neutral","https://reddit.com/r/Deathmetal/comments/wrlk87/revulsed_agonising_putrid_self_infliction/","r/Deathmetal","101007","Ok_Apartment936","0.915068493150685","420","5517","38","https://reddit.com/user/Ok_Apartment936/"
"2021-07-25","20:26:05","Anti-Barney humor is a form of humor that targets children's TV show character Barney the Dinosaur. He is often a target for parody and negative attacks by children and adults alike. Only Caillou triggers a level of revulsion in audiences comparable to that seen toward Barney.","link","","1006","65","0","neutral","https://reddit.com/r/wikipedia/comments/orj879/antibarney_humor_is_a_form_of_humor_that_targets/","r/wikipedia","496401","somnum_osseus","1.9397260273972603","4453774","175667","129366","https://reddit.com/user/somnum_osseus/"
"2022-10-07","18:03:03","Revulsion that can lead to actually vomiting with Sound>Color>Pattern synesthesia?","text","Question","4","1","0","neutral","https://reddit.com/r/Synesthesia/comments/xy5vg7/revulsion_that_can_lead_to_actually_vomiting_with/","r/Synesthesia","26309","SmrtLdy","2.484931506849315","593","551","110","https://reddit.com/user/SmrtLdy/"
"2022-08-12","00:51:28","Why Game Masters Should Understand Terror, Horror, and Revulsion","link","","12","2","0","neutral","https://reddit.com/r/TenCandles/comments/wm7ei6/why_game_masters_should_understand_terror_horror/","r/TenCandles","849","nlitherl","8.378082191780821","152959","31026","1438","https://reddit.com/user/nlitherl/"
"2023-05-25","16:02:57","I underestimated how jarring this turned out to be","link",":err23: ERR://23¬§Y%/","3628","94","0","neutral","https://reddit.com/r/DeepRockGalactic/comments/13rln2j/i_underestimated_how_jarring_this_turned_out_to_be/","r/DeepRockGalactic","293850","JusteKidding","6.073972602739726","22203","24581","202","https://reddit.com/user/JusteKidding/"
"2022-06-05","14:55:23","I react with extreme revulsion and anger at hearing the TikTok computer/robot narrator voices (male, female, doesn‚Äôt matter). Is there a name for this?","text","","2","9","0","neutral","https://reddit.com/r/NoStupidQuestions/comments/v5f0ek/i_react_with_extreme_revulsion_and_anger_at/","r/NoStupidQuestions","3505889","aqua9clk","3.6191780821917807","2316","3766","106","https://reddit.com/user/aqua9clk/"
"2022-09-17","09:54:39","Outrage as Ukraine finds mass grave near liberated Izyum - Western leaders voiced revulsion and outrage Thursday (16 September) after Ukraine found a mass grave outside the formerly Russian-occupied city of Izyum and said that almost all of the exhumed bodies showed signs of torture.","link","","7","0","0","neutral","https://reddit.com/r/EUnews/comments/xgidbw/outrage_as_ukraine_finds_mass_grave_near/","r/EUnews","7672","innosflew","8.394520547945206","136863","1509","1990","https://reddit.com/user/innosflew/"
"2022-08-26","13:50:16","Noticing an eerie silence that seemed to have gone on for too long, I entered my young son‚Äôs room and looked around in revulsion as I sputtered, ‚ÄúJacob‚Ä¶what did you do?‚Äù","text","","7","0","0","neutral","https://reddit.com/r/TwoSentenceHorror/comments/wy9qs8/noticing_an_eerie_silence_that_seemed_to_have/","r/TwoSentenceHorror","1212190","jackbequikk","6.2","15207","2532","1204","https://reddit.com/user/jackbequikk/"
"2022-10-13","10:38:46","[Tech] - Scorn review ‚Äì Giger-inspired horror puzzler is a revulsive but rewarding nightmare | Guardian","link","","1","0","0","neutral","https://reddit.com/r/AutoNewspaper/comments/y2vdcx/tech_scorn_review_gigerinspired_horror_puzzler_is/","r/AutoNewspaper","17702","AutoNewspaperAdmin","6.619178082191781","294728","1","2101","https://reddit.com/user/AutoNewspaperAdmin/"
"2023-05-12","12:20:31","I Showed My Partner Star Wars For The First Time; This Was Her Reaction","text","Movies","1085","822","0","neutral","https://reddit.com/r/StarWars/comments/13fjkyh/i_showed_my_partner_star_wars_for_the_first_time/","r/StarWars","2863423","HotText409","1.8082191780821917","3771","12750","110","https://reddit.com/user/HotText409/"
"2022-08-14","01:13:57","Why Game Masters Should Understand Terror, Horror, and Revulsion","link","","6","0","0","neutral","https://reddit.com/r/kult/comments/wntri0/why_game_masters_should_understand_terror_horror/","r/kult","718","nlitherl","8.378082191780821","152959","31026","1438","https://reddit.com/user/nlitherl/"
"2022-08-05","19:01:59","Revulsion - S/T","link","","29","1","0","neutral","https://reddit.com/r/heavyvinyl/comments/wh3hab/revulsion_st/","r/heavyvinyl","26881","Wookiee_Sidekick","7.8191780821917805","932","3724","89","https://reddit.com/user/Wookiee_Sidekick/"
"2022-03-13","18:22:21","If you can confront the xenos, look upon the xenos, even think upon the xenos, without revulsion, then you are as damned as they.","link","","161","9","0","neutral","https://reddit.com/r/Grimdank/comments/tdcylf/if_you_can_confront_the_xenos_look_upon_the_xenos/","r/Grimdank","340221","citizen_ben","8.210958904109589","386","10","0","https://reddit.com/user/citizen_ben/"
"2022-08-12","00:57:14","Why Game Masters Should Understand Terror, Horror, and Revulsion","link","Other","4","0","0","neutral","https://reddit.com/r/SCPtabletopRPG/comments/wm7j0d/why_game_masters_should_understand_terror_horror/","r/SCPtabletopRPG","108","nlitherl","8.378082191780821","152959","31026","1438","https://reddit.com/user/nlitherl/"
"2022-08-22","20:22:01","Effigy of Revulsion","text","Feedback","0","1","0","neutral","https://reddit.com/r/pathofexile/comments/wv435z/effigy_of_revulsion/","r/pathofexile","534347","Peauu","8.986301369863014","2498","15166","179","https://reddit.com/user/Peauu/"
"2021-07-25","20:29:41","Anti-Barney humor is a form of humor that targets children's TV show character Barney the Dinosaur. He is often an online target for violent, gory parodies by children and adults alike. Only Caillou triggers a level of revulsion in audiences comparable to that seen toward Barney.","link","Other","488","61","0","neutral","https://reddit.com/r/CreepyWikipedia/comments/orjank/antibarney_humor_is_a_form_of_humor_that_targets/","r/CreepyWikipedia","215614","somnum_osseus","1.9397260273972603","4453774","175667","129366","https://reddit.com/user/somnum_osseus/"
"2020-01-28","23:03:19","Any other women who are physically revulsed by the idea of pregnancy?","text","RANT","2689","318","0","neutral","https://reddit.com/r/childfree/comments/evdf7g/any_other_women_who_are_physically_revulsed_by/","r/childfree","1500627","egggspecial","6.32054794520548","2944","4467","48","https://reddit.com/user/egggspecial/"
"2022-01-07","15:07:03","US playing spoiler to China in Horn of Africa: widespread revulsion among Africans all over the continent is palpable over the US using its TPLF proxy to destabilize Ethiopia. Their collective cry is ‚ÄúNo more‚Äù ‚Äì no more colonialism, no more sanctions, no more lies by CNN, BBC, etc.","link","news-opinion/commentary","147","3","1","neutral","https://reddit.com/r/Sino/comments/ry9gvj/us_playing_spoiler_to_china_in_horn_of_africa/","r/Sino","90510","BitterMelonX","3.671232876712329","99346","42092","2977","https://reddit.com/user/BitterMelonX/"
"2022-07-10","21:00:10","‚ÄòWe lost our fear‚Äô: the Basque terror group‚Äôs killing that made Spain say enough is enough ‚Ä¢ The Eta group‚Äôs kidnap and murder of a young councillor in 1997 united a country in revulsion and the wounds are still open today","link","Spain","16","0","0","neutral","https://reddit.com/r/europes/comments/vw0ztd/we_lost_our_fear_the_basque_terror_groups_killing/","r/europes","56952","Naurgul","13.616438356164384","218974","100150","3862","https://reddit.com/user/Naurgul/"
"2021-06-10","09:48:12","Time for me to go. He's chosen to self destruct and to regard me with judgement, revulsion, irritation, and brutal indifference.","text","Feeling Down","102","33","3","neutral","https://reddit.com/r/AsOneAfterInfidelity/comments/nwjns6/time_for_me_to_go_hes_chosen_to_self_destruct_and/","r/AsOneAfterInfidelity","70759","squishyslinky","2.7726027397260276","10524","19965","3685","https://reddit.com/user/squishyslinky/"
"2022-07-03","11:12:49","Teddy Jackson... balancing beauty with revulsion","link","","5","0","0","neutral","https://reddit.com/r/gaymusic/comments/vqfaiv/teddy_jackson_balancing_beauty_with_revulsion/","r/gaymusic","3260","teddyjackson_","1.8493150684931507","3","0","0","https://reddit.com/user/teddyjackson_/"
"2022-03-04","15:14:11","Revulsion with Putin sparks outcry ‚Äî and more unity than expected","link","Russia/Ukraine","196","3","0","neutral","https://reddit.com/r/worldnews/comments/t6l4o9/revulsion_with_putin_sparks_outcry_and_more_unity/","r/worldnews","31925154","myztero","4.115068493150685","524063","13891","8494","https://reddit.com/user/myztero/"
"2022-09-16","06:34:23","WYR find amusement over all the embarrassing stuff specific to your gender with someone of the other gender, or WYR share revulsion over it.","text","","0","0","0","neutral","https://reddit.com/r/WouldYouRather/comments/xfjs4b/wyr_find_amusement_over_all_the_embarrassing/","r/WouldYouRather","331056","R-Gii","1.3315068493150686","334","383","0","https://reddit.com/user/R-Gii/"
"2023-06-04","02:07:10","BE HEARD!!!! Last chance to stop TERRIBLE STADIUM HANDOUT!!!!","text","[Politics]","423","112","0","neutral","https://reddit.com/r/Nevada/comments/13zxjkk/be_heard_last_chance_to_stop_terrible_stadium/","r/Nevada","58522","BigBlueMagic","4.287671232876712","1094","7326","208","https://reddit.com/user/BigBlueMagic/"
"2022-07-10","00:54:34","DAE have an intense disgust/revulsion response to insect pupae?","text","","2","0","0","neutral","https://reddit.com/r/DoesAnybodyElse/comments/vvfosa/dae_have_an_intense_disgustrevulsion_response_to/","r/DoesAnybodyElse","2672533","EntireSlice123","3.2273972602739724","8613","10922","279","https://reddit.com/user/EntireSlice123/"
"2022-08-22","17:30:50","Do people with ASPD feel disgust/revulsion or protective?","text","","1","1","0","neutral","https://reddit.com/r/NoStupidQuestions/comments/wuzrxw/do_people_with_aspd_feel_disgustrevulsion_or/","r/NoStupidQuestions","3505892","UniqueFlavors","5.772602739726027","17056","75622","1869","https://reddit.com/user/UniqueFlavors/"
"2023-05-23","22:19:12","First Contact - Chapter 954 - The Setting Sun","text","OC","1014","155","0","neutral","https://reddit.com/r/HFY/comments/13q2qnk/first_contact_chapter_954_the_setting_sun/","r/HFY","274749","Ralts_Bloodthorne","7.728767123287671","479715","254668","165291","https://reddit.com/user/Ralts_Bloodthorne/"
"2022-07-10","05:56:34","Why Game Masters Should Understand Terror, Horror, and Revulsion","link","","4","1","0","neutral","https://reddit.com/r/mutantchronicles/comments/vvkvwr/why_game_masters_should_understand_terror_horror/","r/mutantchronicles","420","nlitherl","8.378082191780821","152959","31026","1438","https://reddit.com/user/nlitherl/"
"2022-06-27","11:43:18","The Greatest Generation V with Ben and Adam Ep 424: Red Crud Continuity (VOY S4E5- Revulsion)","link","","7","1","0","neutral","https://reddit.com/r/maximumfun/comments/vltkg6/the_greatest_generation_v_with_ben_and_adam_ep/","r/maximumfun","23260","Currymango","7.361643835616438","32197","9141","106","https://reddit.com/user/Currymango/"
"2023-06-04","01:48:27","BE HEARD!!! Last Chance To Stop the Legislature From Giving Away Hundreds of Millions in Terrible Stadium Handout!!!!!!!","text","","383","77","1","neutral","https://reddit.com/r/vegaslocals/comments/13zx38n/be_heard_last_chance_to_stop_the_legislature_from/","r/vegaslocals","52061","BigBlueMagic","4.287671232876712","1094","7326","208","https://reddit.com/user/BigBlueMagic/"
"2022-04-04","21:46:31","Russia faces global outrage over bodies in Ukraine's streets ‚Ä¢ Moscow faced global revulsion and accusations of war crimes after the Russian pullout from the outskirts of Kyiv revealed streets strewn with corpses of what appeared to be civilians, some of whom had seemingly been killed at close range","link","Ukraine","36","2","0","neutral","https://reddit.com/r/europes/comments/twe1uu/russia_faces_global_outrage_over_bodies_in/","r/europes","56952","Naurgul","13.616438356164384","218974","100150","3862","https://reddit.com/user/Naurgul/"
"2022-04-01","23:34:56","Revulsed- Infernal Atrocity","link","","13","3","0","neutral","https://reddit.com/r/vinyl/comments/tu4u5v/revulsed_infernal_atrocity/","r/vinyl","1412933","Matt_Ephesus","1.7424657534246575","2472","4914","123","https://reddit.com/user/Matt_Ephesus/"
"2022-07-15","18:41:01","Horror by definition is the emotion of pure revulsion. Terror of the same standard, is that of fearful anticipation.","link","","2","0","0","neutral","https://reddit.com/r/randomcluelesspics/comments/vzvxrg/horror_by_definition_is_the_emotion_of_pure/","r/randomcluelesspics","6","randomcluelessdude","1.9342465753424658","54703","7279","3163","https://reddit.com/user/randomcluelessdude/"
"2021-11-26","21:08:56","My people have discovered the equilvant of pugs: revulsive to half of my people and adored by the other half.","link","Humor","81","8","0","neutral","https://reddit.com/r/Stellaris/comments/r2wv0c/my_people_have_discovered_the_equilvant_of_pugs/","r/Stellaris","401431","weeOriginal","2.6575342465753424","133242","62062","1917","https://reddit.com/user/weeOriginal/"
"2020-07-16","04:08:43","I see literally no plus side to worshipping someone dedicated to mold, cannibalism, and revulsion.","link","Humour","1557","68","0","neutral","https://reddit.com/r/ElderScrolls/comments/hs2wm7/i_see_literally_no_plus_side_to_worshipping/","r/ElderScrolls","430698","Exsulian","4.410958904109589","183420","9781","3487","https://reddit.com/user/Exsulian/"
"2023-05-20","19:55:59","Killers of the Flower Moon - Review Megathread","text","Critic/Audience Score","338","227","0","neutral","https://reddit.com/r/boxoffice/comments/13n5bnq/killers_of_the_flower_moon_review_megathread/","r/boxoffice","1058844","MoonMan997","6.16986301369863","21650","376492","1141","https://reddit.com/user/MoonMan997/"
"2022-07-10","04:24:19","Why Game Masters Should Understand Terror, Horror, and Revulsion","link","","3","0","0","neutral","https://reddit.com/r/rpcampaigns/comments/vvjfim/why_game_masters_should_understand_terror_horror/","r/rpcampaigns","683","nlitherl","8.378082191780821","152959","31026","1438","https://reddit.com/user/nlitherl/"
"2021-02-24","10:34:41","Put on a pair, join the revulsion","link","Global Repost","1624","33","2","neutral","https://reddit.com/r/goodanimemes/comments/lr9qaq/put_on_a_pair_join_the_revulsion/","r/goodanimemes","468254","AnttilaJ","3.1452054794520548","10384","231","1052","https://reddit.com/user/AnttilaJ/"
"2021-10-25","21:27:10","You know how humans will kill a harmless insect purely out of instinctive revulsion...?","text","","303","6","0","neutral","https://reddit.com/r/TwoSentenceHorror/comments/qfquze/you_know_how_humans_will_kill_a_harmless_insect/","r/TwoSentenceHorror","1212192","Ralfarius","11.221917808219178","15066","227282","4649","https://reddit.com/user/Ralfarius/"
"2022-07-14","21:19:51","Question about prescience, chaos lord aura and raiment revulsive","text","","1","3","0","neutral","https://reddit.com/r/Chaos40k/comments/vz6q0y/question_about_prescience_chaos_lord_aura_and/","r/Chaos40k","29435","PickleRick284","2.5616438356164384","27","109","0","https://reddit.com/user/PickleRick284/"
"2023-05-28","19:04:08","An Introduction to Terran Zoology ‚Äì Chapter 13","text","Fanfic","579","76","0","neutral","https://reddit.com/r/NatureofPredators/comments/13u8a1z/an_introduction_to_terran_zoology_chapter_13/","r/NatureofPredators","6501","Still_Performance_39","0.3643835616438356","2510","3015","0","https://reddit.com/user/Still_Performance_39/"
"2023-06-07","00:13:29","Humanity, Child of Nothing.","text","OC","852","31","1","neutral","https://reddit.com/r/HFY/comments/142xvns/humanity_child_of_nothing/","r/HFY","274749","Maeve_Alonse","5.484931506849315","620","7401","75","https://reddit.com/user/Maeve_Alonse/"
"2023-05-31","14:21:48","Does anybody else feel frightened when listening to religous speakers?","text","","138","56","0","neutral","https://reddit.com/r/atheism/comments/13wnn25/does_anybody_else_feel_frightened_when_listening/","r/atheism","2790930","Xenanoa","2.3917808219178083","57","0","0","https://reddit.com/user/Xenanoa/"
"2023-03-29","11:59:09","Your guide to Inside Out.","link","","8554","132","2","neutral","https://reddit.com/r/coolguides/comments/125lziq/your_guide_to_inside_out/","r/coolguides","3403007","Green-Status-6360","2.210958904109589","21981","2415","240","https://reddit.com/user/Green-Status-6360/"
"2021-10-01","20:27:41","God, why do I feel such a revulsion after reading this article?","link","","20","26","0","neutral","https://reddit.com/r/redscarepod/comments/pzgek0/god_why_do_i_feel_such_a_revulsion_after_reading/","r/redscarepod","88685","blackstonewine","11.819178082191781","5384","10018","60","https://reddit.com/user/blackstonewine/"
"2023-05-18","19:42:15","So much criticism...","text","General Discussion","386","162","2","neutral","https://reddit.com/r/Yellowjackets/comments/13l8ptb/so_much_criticism/","r/Yellowjackets","105605","jo-el-uh","2.7150684931506848","1710","59478","900","https://reddit.com/user/jo-el-uh/"
"2022-07-27","00:03:23","Word of The Hour: revulsion","text","","1","0","0","neutral","https://reddit.com/r/funwithwords/comments/w8zcn3/word_of_the_hour_revulsion/","r/funwithwords","623","sharewithme","10.156164383561643","151153","1143","365","https://reddit.com/user/sharewithme/"
"2020-04-01","04:09:43","Bravo Rose! Her ability to hide her revulsion is something we can all take a lesson in! Also, a note for the fellas: if a female does this when you ask to kiss her, be worried. üíã","link","SHITPOST","335","108","0","neutral","https://reddit.com/r/90DayFiance/comments/fssct9/bravo_rose_her_ability_to_hide_her_revulsion_is/","r/90DayFiance","389373","Eyeoftheleopard","6.953424657534247","20713","142861","1189","https://reddit.com/user/Eyeoftheleopard/"
"2022-01-05","13:21:24","In the 16th through 19th centuries, syphilis was one of the largest public health burdens in prevalence, symptoms, and disability. Its association with sex, especially sexual promiscuity and prostitution, made it an object of fear and revulsion and a taboo.","link","Culture and Society","116","4","1","neutral","https://reddit.com/r/RandomVictorianStuff/comments/rwms5g/in_the_16th_through_19th_centuries_syphilis_was/","r/RandomVictorianStuff","11502","SerlondeSavigny","3.5972602739726027","73304","1060","1334","https://reddit.com/user/SerlondeSavigny/"
"2022-04-01","18:19:23","Revulsed- Infernal Atrocity","link","","13","2","0","neutral","https://reddit.com/r/heavyvinyl/comments/ttxmys/revulsed_infernal_atrocity/","r/heavyvinyl","26881","Matt_Ephesus","1.7424657534246575","2472","4914","123","https://reddit.com/user/Matt_Ephesus/"
"2022-07-08","15:04:04","Why Game Masters Should Understand Terror, Horror, and Revulsion","link","","3","0","0","neutral","https://reddit.com/r/AllFlesh/comments/vucu2h/why_game_masters_should_understand_terror_horror/","r/AllFlesh","55","nlitherl","8.378082191780821","152959","31026","1438","https://reddit.com/user/nlitherl/"
"2022-07-13","14:28:18","Why Game Masters Should Understand Terror, Horror, and Revulsion","link","","0","0","0","neutral","https://reddit.com/r/zombies/comments/vy4jjh/why_game_masters_should_understand_terror_horror/","r/zombies","101226","nlitherl","8.378082191780821","152959","31026","1438","https://reddit.com/user/nlitherl/"
"2023-05-21","23:54:39","My Ex-Husband Violated The Restraining Order - I've Never Been More Terrified","text","","915","57","0","neutral","https://reddit.com/r/nosleep/comments/13oafz6/my_exhusband_violated_the_restraining_order_ive/","r/nosleep","17517872","twocantherapper","7.021917808219178","9944","3186","9116","https://reddit.com/user/twocantherapper/"
"2023-05-29","17:41:13","To Kill a Predator, Chapter 20","text","","319","53","0","neutral","https://reddit.com/r/NatureofPredators/comments/13v1dzs/to_kill_a_predator_chapter_20/","r/NatureofPredators","6501","tulpacat1","0.14520547945205478","2620","594","60","https://reddit.com/user/tulpacat1/"
"2023-06-03","00:05:57","The Other Girls","text","","613","28","0","neutral","https://reddit.com/r/shortscarystories/comments/13yub7c/the_other_girls/","r/shortscarystories","768499","J_Leigh13","2.8547945205479452","10546","6394","1570","https://reddit.com/user/J_Leigh13/"
"2022-01-24","15:06:20","Those that have one night stands, how do you overcome any revulsion to the fact that a complete stranger will touch you intimately?","text","","2","8","0","neutral","https://reddit.com/r/AskReddit/comments/sbo8oc/those_that_have_one_night_stands_how_do_you/","r/AskReddit","41275835","Apart-Scale","3.084931506849315","11628","12572","3942","https://reddit.com/user/Apart-Scale/"
"2020-10-17","21:59:33","The Confederated Tribes of the Umatilla Express ‚ÄúRevulsion‚Äù at ‚ÄúViolent Acts‚Äù of Destruction at Historical Society ‚Äì One of the state‚Äôs oldest tribes doesn‚Äôt appreciate the event billed as ‚ÄúIndigenous Peoples Day of Rage.‚Äù","link","Local News","279","42","0","neutral","https://reddit.com/r/Portland/comments/jd42vs/the_confederated_tribes_of_the_umatilla_express/","r/Portland","303958","orbitcon","9.575342465753424","269886","34898","14809","https://reddit.com/user/orbitcon/"
"2023-05-07","05:39:32","Disgusted by the idea of being fertile?","text","DISCUSSION","587","128","0","neutral","https://reddit.com/r/childfree/comments/13ae788/disgusted_by_the_idea_of_being_fertile/","r/childfree","1500629","Possible_Glass439","0.3013698630136986","3712","5547","0","https://reddit.com/user/Possible_Glass439/"
"2021-09-18","21:02:09","When your fancy bath product evokes feelings of revulsion","link","","15","5","0","neutral","https://reddit.com/r/CasualUK/comments/pqug8h/when_your_fancy_bath_product_evokes_feelings_of/","r/CasualUK","1754382","Woodcharles","5.66027397260274","1620","116072","742","https://reddit.com/user/Woodcharles/"
"2022-04-04","23:53:05","@AP: .@AP journalists have seen dozens of bodies in Bucha, where atrocities have spawned global revulsion ‚Äî and condemnation of Russia's war on Ukraine. Many victims appeared to have been shot at close range. At least two had their hands tied. https://t.co/JvWK2qlL3t","link","","2","0","0","neutral","https://reddit.com/r/newsbotbot/comments/twh4a3/ap_ap_journalists_have_seen_dozens_of_bodies_in/","r/newsbotbot","6895","-en-","6.2246575342465755","131887","12647","473","https://reddit.com/user/-en-/"
"2021-07-16","10:20:26","Voyager: Season 4, Ep. 5 ‚ÄúRevulsion‚Äù","text","","6","27","0","neutral","https://reddit.com/r/voyager/comments/ole2kq/voyager_season_4_ep_5_revulsion/","r/voyager","15664","boxingjazz","3.684931506849315","32468","37726","1345","https://reddit.com/user/boxingjazz/"
"2021-02-26","00:54:20","A Rhetoric of Revulsion: Bethany, Kristen, and H. P. Lovecraft","text","Girl Defined","184","23","3","neutral","https://reddit.com/r/FundieSnarkUncensored/comments/lsls4v/a_rhetoric_of_revulsion_bethany_kristen_and_h_p/","r/FundieSnarkUncensored","158323","headstronghedgepig","4.526027397260274","389","1015","223","https://reddit.com/user/headstronghedgepig/"
"2020-07-31","15:19:31","Dance Dance Revulsion","link","","186","191","0","neutral","https://reddit.com/r/gifs/comments/i19at4/dance_dance_revulsion/","r/gifs","21612619","The_Rain-King","2.9643835616438357","22293","399","169","https://reddit.com/user/The_Rain-King/"
"2023-05-04","11:48:34","I think I know who ate my son","text","","1909","94","5","neutral","https://reddit.com/r/nosleep/comments/137i8eu/i_think_i_know_who_ate_my_son/","r/nosleep","17517874","tryna_write","4.545205479452055","690","1881","195","https://reddit.com/user/tryna_write/"
"2023-06-03","03:26:00","Fearing what I‚Äôve become","text","TRIGGER WARNING","88","50","0","neutral","https://reddit.com/r/covidlonghaulers/comments/13yz92p/fearing_what_ive_become/","r/covidlonghaulers","45957","Broken_Oxytocin","0.20821917808219179","241","834","0","https://reddit.com/user/Broken_Oxytocin/"
"2023-04-25","00:48:05","HELP: I'm Starting to Hate People Who Have Never Watched The Sopranos","text","[Serious Discussion Only]","643","264","0","neutral","https://reddit.com/r/thesopranos/comments/12y2p7t/help_im_starting_to_hate_people_who_have_never/","r/thesopranos","222160","LowResJPG","0.26301369863013696","620","98","0","https://reddit.com/user/LowResJPG/"
"2023-05-26","14:04:35","[Spoilers, Main] Damn, you kill her father one time and then she gives you the cold shoulder for the rest of your life. Women, amirite?","text","MAIN","306","48","0","neutral","https://reddit.com/r/asoiaf/comments/13se5qc/spoilers_main_damn_you_kill_her_father_one_time/","r/asoiaf","882904","whycuthair","9.575342465753424","44722","141192","206","https://reddit.com/user/whycuthair/"
"2022-04-18","11:00:52","The thronging crowd filling the alleyway wailed and turned there gaze in revulsion at the horrific scene splattered before them.","text","","20","1","0","neutral","https://reddit.com/r/TwoSentenceHorror/comments/u6ag1l/the_thronging_crowd_filling_the_alleyway_wailed/","r/TwoSentenceHorror","1212196","AO1980s","1.7616438356164383","7853","2764","435","https://reddit.com/user/AO1980s/"
"2023-05-20","18:49:22","[Excerpt: Baneblade] An Imperial Tanker sees a chain gang of mutants for the first time","text","","290","60","0","neutral","https://reddit.com/r/40kLore/comments/13n2upd/excerpt_baneblade_an_imperial_tanker_sees_a_chain/","r/40kLore","221401","IShareBookThingies","0.0684931506849315","122","3","0","https://reddit.com/user/IShareBookThingies/"
"2023-06-02","02:35:48","""Am I A 5 or a 9?"" Masterpost","text","Discussion","81","43","0","neutral","https://reddit.com/r/Enneagram/comments/13y0td0/am_i_a_5_or_a_9_masterpost/","r/Enneagram","105993","graay_ghost","8.465753424657533","13227","45257","252","https://reddit.com/user/graay_ghost/"
"2015-05-17","14:30:21","TIL Instead of kissing, Manchu mothers used to show affection for their children by performing fellatio on their male babies while regarding public kissing with revulsion.","link","","5876","1213","0","neutral","https://reddit.com/r/todayilearned/comments/369jaf/til_instead_of_kissing_manchu_mothers_used_to/","r/todayilearned","31767659","Lang_Zai","9.961643835616439","3838","8854","0","https://reddit.com/user/Lang_Zai/"
"2023-05-12","06:15:21","Q4Women: Do you enjoy rejecting men who approach you that you don't find attractive?","text","Question For Women","26","226","0","neutral","https://reddit.com/r/PurplePillDebate/comments/13fcp1m/q4women_do_you_enjoy_rejecting_men_who_approach/","r/PurplePillDebate","116283","reddishrobin","6.410958904109589","164","11935","83","https://reddit.com/user/reddishrobin/"
"2023-05-30","18:46:57","Autism and alcohol","text","Discussion","55","74","0","neutral","https://reddit.com/r/autism/comments/13vyh9y/autism_and_alcohol/","r/autism","273182","Stock-Intention7731","2.326027397260274","674","1096","0","https://reddit.com/user/Stock-Intention7731/"
"2023-05-04","03:52:03","Keeper of the Day and Night","link","Hosted Games","44","22","0","neutral","https://reddit.com/r/hostedgames/comments/13794j6/keeper_of_the_day_and_night/","r/hostedgames","9183","ZombieGirl364","2.884931506849315","109","167","0","https://reddit.com/user/ZombieGirl364/"
"2023-05-15","18:00:05","I forced chatGPT to generate me 100 synonyms for ""Hideous Mass"", thank me later ULTRAKILL wiki editors.","text","Meme","492","57","0","neutral","https://reddit.com/r/Ultrakill/comments/13ifblx/i_forced_chatgpt_to_generate_me_100_synonyms_for/","r/Ultrakill","52506","CosmicPlushie","0.32602739726027397","986","3094","0","https://reddit.com/user/CosmicPlushie/"
"2023-04-20","04:47:59","We Do.","text","OC","1769","161","9","neutral","https://reddit.com/r/HFY/comments/12sme7v/we_do/","r/HFY","274750","Salishaz","3.786301369863014","7524","4609","3555","https://reddit.com/user/Salishaz/"
"2023-03-25","13:29:35","The Nature of Predators 101","text","OC","3530","459","1","neutral","https://reddit.com/r/HFY/comments/121lw88/the_nature_of_predators_101/","r/HFY","274750","SpacePaladin15","2.345205479452055","120807","81256","25721","https://reddit.com/user/SpacePaladin15/"
"2022-01-12","01:42:45","People that enjoy body horror movies, why? Do you feel revulsion and enjoy it or just not feel disgust?","text","","2","4","0","neutral","https://reddit.com/r/AskReddit/comments/s1tuv4/people_that_enjoy_body_horror_movies_why_do_you/","r/AskReddit","41275868","buttery_treat91","6.745205479452054","1391","5575","30","https://reddit.com/user/buttery_treat91/"
"2023-05-11","14:23:31","I'm stuck on earth and looking for a job. Also, I may have to support my deadbeat roommate in more ways than one.","text","Series","788","52","1","neutral","https://reddit.com/r/nosleep/comments/13eovqy/im_stuck_on_earth_and_looking_for_a_job_also_i/","r/nosleep","17517884","girl_from_the_crypt","4.832876712328767","243838","78151","48816","https://reddit.com/user/girl_from_the_crypt/"
"2020-12-07","00:56:57","The revulsion ripped through me in waves watching my wife's corpse float to the top of the lake.","text","","1413","16","3","neutral","https://reddit.com/r/TwoSentenceHorror/comments/k866t4/the_revulsion_ripped_through_me_in_waves_watching/","r/TwoSentenceHorror","1212199","lazyeyelefty88","3.0794520547945203","6883","12493","938","https://reddit.com/user/lazyeyelefty88/"
"2023-05-19","11:18:57","PSA: Try to enjoy the present","text","","169","59","1","neutral","https://reddit.com/r/AusFinance/comments/13lsjz9/psa_try_to_enjoy_the_present/","r/AusFinance","444333","StaticNocturne","3.728767123287671","26452","18731","1566","https://reddit.com/user/StaticNocturne/"
"2022-04-02","12:48:33","MELVINS - ‚ÄúRevulsion / We Reach‚Äù - (1989)","link","","4","0","0","neutral","https://reddit.com/r/connectasong/comments/tui49r/melvins_revulsion_we_reach_1989/","r/connectasong","1560","danheckler","4.567123287671233","9848","3843","207","https://reddit.com/user/danheckler/"
"2019-10-28","16:44:04","A round of applause for our Darcy, who managed to remain composed and polite during this scene. There were glimmers of revulsion in her eyes, but she hid it well.","link","","651","70","0","neutral","https://reddit.com/r/90DayFiance/comments/dobf8u/a_round_of_applause_for_our_darcy_who_managed_to/","r/90DayFiance","389373","randomlycandy","6.295890410958904","55472","54286","2026","https://reddit.com/user/randomlycandy/"
"2023-05-13","22:55:34","Once seen it has been, unseen it cannot be.","link","","492","8","0","neutral","https://reddit.com/r/starwarsmemes/comments/13gvcuq/once_seen_it_has_been_unseen_it_cannot_be/","r/starwarsmemes","471877","AmazingJeeves","4.410958904109589","280","1839","0","https://reddit.com/user/AmazingJeeves/"
"2023-05-18","02:42:22","On ‚ÄúWhy don‚Äôt you just use your words?‚Äù","text","School Discussion","58","104","0","neutral","https://reddit.com/r/bjj/comments/13km6rb/on_why_dont_you_just_use_your_words/","r/bjj","737297","judoxing","9.624657534246575","7316","79147","456","https://reddit.com/user/judoxing/"
"2023-05-26","20:43:09","Family Dinner (Season 25, Episode 12)","video","Sketch","229","22","1","neutral","https://reddit.com/r/LiveFromNewYork/comments/13snyov/family_dinner_season_25_episode_12/","r/LiveFromNewYork","315161","DownBadForDua","0.7616438356164383","118","1529","65","https://reddit.com/user/DownBadForDua/"
"2021-11-04","10:36:12","In 2022, the Democrats Biggest Enemy is Voter Revulsion","link","Conservatives Only","31","1","0","neutral","https://reddit.com/r/ConservativesOnly/comments/qmhr0u/in_2022_the_democrats_biggest_enemy_is_voter/","r/ConservativesOnly","62175","Clatsop","10.189041095890412","1871975","55049","28330","https://reddit.com/user/Clatsop/"
"2020-04-27","03:20:03","[19 NB] Super appethetic about pretty much everything, but Feelin especially nice away from family, let's see ifn I can unlock those lovely feelings of mild self revulsion.","link","","27","172","0","neutral","https://reddit.com/r/RoastMe/comments/g8smow/19_nb_super_appethetic_about_pretty_much/","r/RoastMe","3235192","slazhoes","4.953424657534247","489","222","0","https://reddit.com/user/slazhoes/"
"2023-05-10","16:14:34","He‚Äôs fast to track her down.","link","Meme!","631","40","0","neutral","https://reddit.com/r/OtomeIsekai/comments/13dvdoh/hes_fast_to_track_her_down/","r/OtomeIsekai","72608","Low-Manager9777","2.0027397260273974","24583","214375","569","https://reddit.com/user/Low-Manager9777/"
"2023-05-25","08:46:29","There Will Be Scritches Pt.96","text","OC","172","27","0","neutral","https://reddit.com/r/HFY/comments/13rc873/there_will_be_scritches_pt96/","r/HFY","274750","YukiteruAmano92","1.5452054794520549","6340","5851","2691","https://reddit.com/user/YukiteruAmano92/"
"2021-12-07","08:45:53","I have a strong subconscious revulsion towards the idea of taking care of myself. Why?","text",":mental_health: Mental Health","3","2","0","neutral","https://reddit.com/r/SeriousConversation/comments/raupat/i_have_a_strong_subconscious_revulsion_towards/","r/SeriousConversation","56042","m_o_o_n_m_a_n_","2.778082191780822","10194","9766","424","https://reddit.com/user/m_o_o_n_m_a_n_/"
"2021-08-14","22:02:42","VOY Revulsion","text","","10","7","0","neutral","https://reddit.com/r/startrek/comments/p4h3pm/voy_revulsion/","r/startrek","606122","LegacyR6","3.4383561643835616","20195","2084","1205","https://reddit.com/user/LegacyR6/"
"2023-06-04","02:27:39","Why not just say, ""Yes, abortion kills a person, but it's a unique circumstance?""","text","Long Form Discussion","0","180","0","neutral","https://reddit.com/r/centrist/comments/13zy1ce/why_not_just_say_yes_abortion_kills_a_person_but/","r/centrist","45625","SteadfastEnd","5.038356164383561","36658","220147","4359","https://reddit.com/user/SteadfastEnd/"
"2021-10-11","21:55:41","revulsion for the 20th century","text","Question","9","8","0","neutral","https://reddit.com/r/pastlives/comments/q66uku/revulsion_for_the_20th_century/","r/pastlives","47190","Admirable_Faith","2.506849315068493","12","73","30","https://reddit.com/user/Admirable_Faith/"
"2019-03-31","13:00:14","The Matrix Revulsions - The Matrix: Path of Neo Gameplay","link","Funhaus Video","1901","92","0","neutral","https://reddit.com/r/funhaus/comments/b7ni4o/the_matrix_revulsions_the_matrix_path_of_neo/","r/funhaus","187946","RT_Video_Bot","9.523287671232877","1906452","104","6779","https://reddit.com/user/RT_Video_Bot/"
"2023-06-09","04:12:09","Behold, A Man","text","OC","126","10","0","neutral","https://reddit.com/r/HFY/comments/144uujt/behold_a_man/","r/HFY","274750","A_Vespertine","6.627397260273972","15160","11286","2714","https://reddit.com/user/A_Vespertine/"
"2022-01-07","20:13:28","In the fall of 1997 you watch 30 seconds of this by accident with your friends at a sleepover before figuring out it's for girls and turning away in melodramatic revulsion. Decades later all of you are gay or bi except Ethan, who died in a car crash with his girlfriend driving home from prom.","link","","25","2","0","neutral","https://reddit.com/r/redscarepod/comments/rygopg/in_the_fall_of_1997_you_watch_30_seconds_of_this/","r/redscarepod","88685","totalcigarette91","1.5232876712328767","516","7747","20","https://reddit.com/user/totalcigarette91/"
"2022-05-02","19:21:25","Revulsion at Ukraine war ends Rome‚Äôs old amity with Moscow","link","","1","0","0","neutral","https://reddit.com/r/theworldnews/comments/ugxeso/revulsion_at_ukraine_war_ends_romes_old_amity/","r/theworldnews","25114","worldnewsbot","11.123287671232877","473886","0","1026","https://reddit.com/user/worldnewsbot/"
"2023-05-25","04:02:40","An Outcast In Another World (Subtitle: Is 'Insanity' A Racial Trait?) [Fantasy, LitRPG] - Chapter 197 (Book 5 Chapter 23) (Part 2)","text","OC","285","23","0","neutral","https://reddit.com/r/HFY/comments/13r7cc4/an_outcast_in_another_world_subtitle_is_insanity/","r/HFY","274750","Determination7","7.594520547945206","38570","16430","12247","https://reddit.com/user/Determination7/"
"2021-05-17","18:42:41","'He needs him now': Pride and revulsion in Russia as troubled Putin lifts up Stalin","link","Russia","109","12","0","neutral","https://reddit.com/r/worldnews/comments/neo8ki/he_needs_him_now_pride_and_revulsion_in_russia_as/","r/worldnews","31925266","FeydSeswatha982","3.4794520547945207","139280","44077","2965","https://reddit.com/user/FeydSeswatha982/"
"2022-01-25","00:39:46","REVULSION - Ever Get The Feeling Of Utter.....","link","","4","1","0","neutral","https://reddit.com/r/Hardcore/comments/sc08xh/revulsion_ever_get_the_feeling_of_utter/","r/Hardcore","104139","Fupafacekillah","6.142465753424657","1430","4590","63","https://reddit.com/user/Fupafacekillah/"
"2014-01-11","15:59:13","This could be the year we start to save, not slaughter, the shark - Specialist restaurants in Beijing are changing their menus or closing down as the Far East begins to share world revulsion at cutting off shark fins to make a gourmet soup","link","","2959","524","0","neutral","https://reddit.com/r/worldnews/comments/1uypnw/this_could_be_the_year_we_start_to_save_not/","r/worldnews","31925266","anutensil","13.87945205479452","4784055","97233","38","https://reddit.com/user/anutensil/"
"2021-12-02","09:53:29","How does Nauseous Revulsion interact with other wound re-roll abilities?","text","Question","6","4","0","neutral","https://reddit.com/r/ageofsigmar/comments/r7405u/how_does_nauseous_revulsion_interact_with_other/","r/ageofsigmar","201904","Disastrous-Ad8604","1.7671232876712328","5043","7260","324","https://reddit.com/user/Disastrous-Ad8604/"
"2023-06-11","05:11:31","Do you agree?","link","","37","12","0","neutral","https://reddit.com/r/DanMachi/comments/146l5t0/do_you_agree/","r/DanMachi","82505","medialover00","2.03013698630137","68376","1522","552","https://reddit.com/user/medialover00/"
"2020-02-23","19:15:30","[Discussion] Just tamed my first snallygaster. Rarely have I felt such a heady mix of both love and revulsion.","link","Discussion","179","66","0","neutral","https://reddit.com/r/Market76/comments/f8e6hs/discussion_just_tamed_my_first_snallygaster/","r/Market76","127271","jafar1970","4.2164383561643834","10668","5866","173","https://reddit.com/user/jafar1970/"
"2021-02-12","13:25:33","Revulsion (self-titled), 2021","link","","212","3","0","neutral","https://reddit.com/r/AlbumArtPorn/comments/liaywf/revulsion_selftitled_2021/","r/AlbumArtPorn","98464","Yeeslander","11.564383561643835","833841","253652","16855","https://reddit.com/user/Yeeslander/"
"2022-05-04","18:03:18","Word of The Hour: revulsion","text","","1","0","0","neutral","https://reddit.com/r/funwithwords/comments/uicm0x/word_of_the_hour_revulsion/","r/funwithwords","623","sharewithme","10.156164383561643","151153","1143","365","https://reddit.com/user/sharewithme/"
"2023-05-25","12:58:38","Blue Roses: A Surprisingly Friendly Flight! [14]","text","Fanfic","183","22","0","neutral","https://reddit.com/r/NatureofPredators/comments/13rh4it/blue_roses_a_surprisingly_friendly_flight_14/","r/NatureofPredators","6501","SepticSauces","2.1671232876712327","2147","23666","143","https://reddit.com/user/SepticSauces/"
"2023-03-15","03:22:47","Very wholesome post but I am obsessed with the pluralization of the acronym TERF to terves","link","","985","101","0","neutral","https://reddit.com/r/linguisticshumor/comments/11rknok/very_wholesome_post_but_i_am_obsessed_with_the/","r/linguisticshumor","81857","Background_Ad_7890","2.824657534246575","40512","15621","109","https://reddit.com/user/Background_Ad_7890/"
"2023-06-10","23:46:01","The Villainess Is An SS+ Rank Adventurer: Chapter 92","text","OC","70","9","0","neutral","https://reddit.com/r/HFY/comments/146etaj/the_villainess_is_an_ss_rank_adventurer_chapter_92/","r/HFY","274750","kayenano","4.06027397260274","1803","365","0","https://reddit.com/user/kayenano/"
"2018-09-10","00:04:21","I‚Äôm not Mormon nor exmo. From NC. My name is Megan. I have been following this sub since I joined Reddit because I found it so fascinating. Fascination with this secretive religious sect has lead to revulsion. PLEASE let me know what I can do to support Sam and your community. I love and support you","text","","955","115","0","neutral","https://reddit.com/r/exmormon/comments/9ehtr0/im_not_mormon_nor_exmo_from_nc_my_name_is_megan_i/","r/exmormon","275040","megocaaa","5.304109589041096","6424","26725","299","https://reddit.com/user/megocaaa/"
"2023-04-21","14:05:23","A list of not well known bands/artists","text","Discussion","187","155","1","neutral","https://reddit.com/r/Deathcore/comments/12u2tmn/a_list_of_not_well_known_bandsartists/","r/Deathcore","115205","-William-Afton-","1.4657534246575343","10052","20158","280","https://reddit.com/user/-William-Afton-/"
"2023-05-05","15:38:45","Among the Bones of Heroes - Chapter 33","text","OC","301","42","0","neutral","https://reddit.com/r/HFY/comments/138sfrw/among_the_bones_of_heroes_chapter_33/","r/HFY","274750","GirogiArts","4.558904109589041","21927","7753","2218","https://reddit.com/user/GirogiArts/"
"2021-10-21","09:12:04","After waiting for months : Death Courier - Necrotic Verses, Revulsion - S/T, Crypts of Despair - All Light Swallowed","link","","10","3","0","neutral","https://reddit.com/r/heavyvinyl/comments/qcnq41/after_waiting_for_months_death_courier_necrotic/","r/heavyvinyl","26881","boutch1506","2.5972602739726027","1702","357","91","https://reddit.com/user/boutch1506/"
"2023-04-23","13:24:21","When the Hammers Fall","text","OC","1137","54","1","neutral","https://reddit.com/r/HFY/comments/12w8k79/when_the_hammers_fall/","r/HFY","274750","jemurray79","0.6","624","396","45","https://reddit.com/user/jemurray79/"
"2023-05-29","14:50:05","A question about Roman and alcohol","text","","4","9","0","neutral","https://reddit.com/r/SuccessionTV/comments/13uwzou/a_question_about_roman_and_alcohol/","r/SuccessionTV","520845","ESCF1F2F3F4F5F6","0.547945205479452","39","770","0","https://reddit.com/user/ESCF1F2F3F4F5F6/"
"2023-06-09","12:43:57","Lordy, it's raining evidence... Donald Trump, yet again caught on tape, admits secret documents weren't automatically declassified: ""As president, I could have declassified, but now I can't.""","link","","47","5","0","neutral","https://reddit.com/r/Impeach_Trump/comments/1454961/lordy_its_raining_evidence_donald_trump_yet_again/","r/Impeach_Trump","61903","imagepoem","8.93972602739726","10546016","640705","37660","https://reddit.com/user/imagepoem/"
"2021-08-23","06:14:36","Ulema express revulsion, demand action against molesters","link","National","25","6","0","neutral","https://reddit.com/r/pakistan/comments/p9tvks/ulema_express_revulsion_demand_action_against/","r/pakistan","176504","KaramQa","7.23013698630137","27071","103252","2156","https://reddit.com/user/KaramQa/"
"2020-10-05","20:18:56","What's a smell you enjoy that others would find revulsive or strange?","text","","5","18","0","neutral","https://reddit.com/r/AskReddit/comments/j5r0oh/whats_a_smell_you_enjoy_that_others_would_find/","r/AskReddit","41275941","ProfessorMuffin","9.846575342465753","1320","34848","149","https://reddit.com/user/ProfessorMuffin/"
"2020-12-11","02:56:36","It is time for the revulsion.","text","","43","21","0","neutral","https://reddit.com/r/sorceryofthespectacle/comments/kau6d0/it_is_time_for_the_revulsion/","r/sorceryofthespectacle","29476","Impassionata","11.32054794520548","2350","16617","374","https://reddit.com/user/Impassionata/"
"2023-05-29","05:56:01","Sharper Than A Serpent's Tooth - Chapter 21","text","OC","88","13","0","neutral","https://reddit.com/r/HFY/comments/13umczn/sharper_than_a_serpents_tooth_chapter_21/","r/HFY","274750","Hewholooksskyward","5.419178082191781","86624","43330","1465","https://reddit.com/user/Hewholooksskyward/"
"2021-08-06","05:50:50","There are no words. Only revulsion.","link","News","8","5","0","neutral","https://reddit.com/r/exmormon/comments/oz0myf/there_are_no_words_only_revulsion/","r/exmormon","275040","slskipper","10.219178082191782","38281","64789","1642","https://reddit.com/user/slskipper/"
"2020-11-21","20:08:21","WTW for Phonetic-Revulsion","text","abandoned","50","11","0","neutral","https://reddit.com/r/whatstheword/comments/jyhlb7/wtw_for_phoneticrevulsion/","r/whatstheword","126868","emerald_twins","2.786301369863014","137","23","0","https://reddit.com/user/emerald_twins/"
"2021-08-14","22:03:52","Revulsion S04E05","text","","5","3","0","neutral","https://reddit.com/r/voyager/comments/p4h4ey/revulsion_s04e05/","r/voyager","15664","LegacyR6","3.4383561643835616","20195","2084","1205","https://reddit.com/user/LegacyR6/"
"2023-04-11","17:16:43","""Incel"" isn't just an idiotic term but it's actively detrimental to society.","text","Unpopular in Society","149","215","1","neutral","https://reddit.com/r/TrueUnpopularOpinion/comments/12iqko3/incel_isnt_just_an_idiotic_term_but_its_actively/","r/TrueUnpopularOpinion","42876","0310","14.7013698630137","7178","2931","50","https://reddit.com/user/0310/"
"2021-09-15","12:25:17","‚ÄòA real sense of revulsion.‚Äô Democrats bet against McConnell","link","","25","2","0","neutral","https://reddit.com/r/uspolitics/comments/pop3g5/a_real_sense_of_revulsion_democrats_bet_against/","r/uspolitics","29515","northstardim","6.495890410958904","61716","229776","1077","https://reddit.com/user/northstardim/"
"2023-05-12","11:28:29","Just One Drop - Chapter 84","text","Story","194","35","0","neutral","https://reddit.com/r/Sexyspacebabes/comments/13fif93/just_one_drop_chapter_84/","r/Sexyspacebabes","6091","Rhion-618","1.5506849315068494","5158","2482","2056","https://reddit.com/user/Rhion-618/"
"2020-05-12","22:52:42","I have had my revulsion for religion reinforced.","text","","61","41","0","neutral","https://reddit.com/r/atheism/comments/gimel7/i_have_had_my_revulsion_for_religion_reinforced/","r/atheism","2790935","Mr_Mango13","3.96986301369863","77","622","0","https://reddit.com/user/Mr_Mango13/"
"2023-04-29","18:37:15","Is there ANY way the Paul shit in Spider-Man will stick the landing?","text","","103","106","0","neutral","https://reddit.com/r/TwoBestFriendsPlay/comments/133397z/is_there_any_way_the_paul_shit_in_spiderman_will/","r/TwoBestFriendsPlay","97923","Anonamaton801","2.317808219178082","88376","438963","1374","https://reddit.com/user/Anonamaton801/"
"2023-06-03","23:31:18","I‚Äôm worried E is making me depressed.","text","Advice needed","17","19","0","neutral","https://reddit.com/r/actual_detrans/comments/13ztn7q/im_worried_e_is_making_me_depressed/","r/actual_detrans","7300","mother-demeter","2.2904109589041095","18334","7894","817","https://reddit.com/user/mother-demeter/"
"2023-06-01","05:11:11","I am the straightest gay man ever.","text","Share!","17","27","0","neutral","https://reddit.com/r/gaytransguys/comments/13x8ut5/i_am_the_straightest_gay_man_ever/","r/gaytransguys","13433","turslr","5.701369863013698","1638","1325","0","https://reddit.com/user/turslr/"
"2023-04-29","15:19:57","What do you about mushrooms?","text","","32","60","0","neutral","https://reddit.com/r/onionhate/comments/132xz93/what_do_you_about_mushrooms/","r/onionhate","50819","chemicalwine","3.317808219178082","13312","14992","676","https://reddit.com/user/chemicalwine/"
"2022-03-04","16:03:21","Revulsion with Putin sparks outcry ‚Äî and more unity than expected","text","","1","0","0","neutral","https://reddit.com/r/autotldr/comments/t6m8l0/revulsion_with_putin_sparks_outcry_and_more_unity/","r/autotldr","19217","autotldr","11.36986301369863","326854","3628863","4256","https://reddit.com/user/autotldr/"
"2023-06-11","07:07:00","A Personal Message","text","","38","6","0","neutral","https://reddit.com/r/StephenHiltonSnark/comments/146n56j/a_personal_message/","r/StephenHiltonSnark","885","Necessary-Rip-1943","0.136986301369863","430","2374","0","https://reddit.com/user/Necessary-Rip-1943/"
